{
    "RLNS_1": {
        "mean": 5.645369610915496,
        "std": 4.869968097169608
    },
    "RLTS_1": {
        "mean": 9.599734274351942,
        "std": 6.442350288393695
    },
    "RLTS_2": {
        "mean": 9.497956538140569,
        "std": 6.528874021736817
    },
    "TAUS_2": {
        "mean": 0.9660971873520778,
        "std": 0.6048039545023436
    },
    "RMIN_LOC": {
        "mean": 0.4662012234177598,
        "std": 0.25027078395244345
    },
    "DRMAJDX_LOC": {
        "mean": -0.14901228993127863,
        "std": 0.08664868878351509
    },
    "Q_LOC": {
        "mean": 3.7279621745342744,
        "std": 2.139209073292788
    },
    "SHAT": {
        "mean": 2.2042313942076106,
        "std": 1.8422797540827995
    },
    "XNUE": {
        "mean": 0.452056766920495,
        "std": 0.9594851784812414
    },
    "KAPPA_LOC": {
        "mean": 1.2467248638294728,
        "std": 0.14465086965624624
    },
    "DELTA_LOC": {
        "mean": 0.04539109765665556,
        "std": 0.14410241032062182
    },
    "ZEFF": {
        "mean": 2.0011664578960593,
        "std": 0.5777288187867765
    },
    "VEXB_SHEAR": {
        "mean": -0.0005223228043052189,
        "std": 0.1157377436780117
    },
    "efe_gb": {
        "mean": 166.43103714202107,
        "std": 135.97329024302803
    },
    "efi_gb": {
        "mean": 143.16639958430085,
        "std": 136.25384678466165
    },
    "pfi_gb": {
        "mean": 31.87073864044642,
        "std": 54.91397358822759
    },
    "pfe_gb": {
        "mean": 31.87073864044642,
        "std": 54.91397358822759
    }
}